{
	"partitions" : [
		{
			"name" : "Top",
			"pins" : [
				{
					"name" : "RTR",
					"strict" : false
				},
				{
					"name" : "IDE",
					"strict" : false
				},
				{
					"name" : "EDL",
					"strict" : false
				},
				{
					"name" : "BRS",
					"strict" : false
				},
				{
					"name" : "F_STF",
					"strict" : false
				},
				{
					"name" : "F_EOF",
					"strict" : false
				},
				{
					"name" : "F_CRC",
					"strict" : false
				},
				{
					"name" : "F_IDF",
					"strict" : false
				},
				{
					"name" : "F_ACK_D",
					"strict" : false
				},
				{
					"name" : "F_CRC_D",
					"strict" : false
				},
				{
					"name" : "IDF[0]",
					"strict" : false
				},
				{
					"name" : "IDF_ex[0]",
					"strict" : false
				},
				{
					"name" : "DLC[0]",
					"strict" : false
				},
				{
					"name" : "EOF[0]",
					"strict" : false
				},
				{
					"name" : "ERROR",
					"strict" : false
				},
				{
					"name" : "RX",
					"strict" : false
				},
				{
					"name" : "SP",
					"strict" : false
				},
				{
					"name" : "reset",
					"strict" : false
				}
			]
		}
	]
}