{
	"partitions" : [
		{
			"name" : "Top",
			"pins" : [
				{
					"name" : "IDTFR[0]",
					"strict" : false
				},
				{
					"name" : "IDTFR[1]",
					"strict" : false
				},
				{
					"name" : "IDTFR[2]",
					"strict" : false
				},
				{
					"name" : "IDTFR[3]",
					"strict" : false
				},
				{
					"name" : "IDTFR[4]",
					"strict" : false
				},
				{
					"name" : "IDTFR[5]",
					"strict" : false
				},
				{
					"name" : "IDTFR[6]",
					"strict" : false
				},
				{
					"name" : "IDTFR[7]",
					"strict" : false
				},
				{
					"name" : "IDTFR[8]",
					"strict" : false
				},
				{
					"name" : "IDTFR[9]",
					"strict" : false
				},
				{
					"name" : "IDTFR[10]",
					"strict" : false
				},
				{
					"name" : "IDTFR[11]",
					"strict" : false
				},
				{
					"name" : "IDTFR[12]",
					"strict" : false
				},
				{
					"name" : "IDTFR[13]",
					"strict" : false
				},
				{
					"name" : "IDTFR[14]",
					"strict" : false
				},
				{
					"name" : "IDTFR[15]",
					"strict" : false
				},
				{
					"name" : "IDTFR[16]",
					"strict" : false
				},
				{
					"name" : "IDTFR[17]",
					"strict" : false
				},
				{
					"name" : "IDTFR[18]",
					"strict" : false
				},
				{
					"name" : "IDTFR[19]",
					"strict" : false
				},
				{
					"name" : "IDTFR[20]",
					"strict" : false
				},
				{
					"name" : "IDTFR[21]",
					"strict" : false
				},
				{
					"name" : "IDTFR[22]",
					"strict" : false
				},
				{
					"name" : "IDTFR[23]",
					"strict" : false
				},
				{
					"name" : "IDTFR[24]",
					"strict" : false
				},
				{
					"name" : "IDTFR[25]",
					"strict" : false
				},
				{
					"name" : "IDTFR[26]",
					"strict" : false
				},
				{
					"name" : "IDTFR[27]",
					"strict" : false
				},
				{
					"name" : "IDTFR[28]",
					"strict" : false
				},
				{
					"name" : "SP",
					"strict" : false
				},
				{
					"name" : "IDF[0]",
					"strict" : false
				},
				{
					"name" : "reset",
					"strict" : false
				},
				{
					"name" : "F_IDF",
					"strict" : false
				},
				{
					"name" : "IDF[1]",
					"strict" : false
				},
				{
					"name" : "IDF[2]",
					"strict" : false
				},
				{
					"name" : "IDF[3]",
					"strict" : false
				},
				{
					"name" : "IDF[4]",
					"strict" : false
				},
				{
					"name" : "IDF[5]",
					"strict" : false
				},
				{
					"name" : "IDF[6]",
					"strict" : false
				},
				{
					"name" : "IDF[7]",
					"strict" : false
				},
				{
					"name" : "IDF[8]",
					"strict" : false
				},
				{
					"name" : "IDF[9]",
					"strict" : false
				},
				{
					"name" : "IDF[10]",
					"strict" : false
				},
				{
					"name" : "IDF_EX[0]",
					"strict" : false
				},
				{
					"name" : "IDE",
					"strict" : false
				},
				{
					"name" : "IDF_EX[1]",
					"strict" : false
				},
				{
					"name" : "IDF_EX[2]",
					"strict" : false
				},
				{
					"name" : "IDF_EX[3]",
					"strict" : false
				},
				{
					"name" : "IDF_EX[4]",
					"strict" : false
				},
				{
					"name" : "IDF_EX[5]",
					"strict" : false
				},
				{
					"name" : "IDF_EX[6]",
					"strict" : false
				},
				{
					"name" : "IDF_EX[7]",
					"strict" : false
				},
				{
					"name" : "IDF_EX[8]",
					"strict" : false
				},
				{
					"name" : "IDF_EX[9]",
					"strict" : false
				},
				{
					"name" : "IDF_EX[10]",
					"strict" : false
				},
				{
					"name" : "IDF_EX[11]",
					"strict" : false
				},
				{
					"name" : "IDF_EX[12]",
					"strict" : false
				},
				{
					"name" : "IDF_EX[13]",
					"strict" : false
				},
				{
					"name" : "IDF_EX[14]",
					"strict" : false
				},
				{
					"name" : "IDF_EX[15]",
					"strict" : false
				},
				{
					"name" : "IDF_EX[16]",
					"strict" : false
				},
				{
					"name" : "IDF_EX[17]",
					"strict" : false
				}
			]
		}
	]
}