{
	"partitions" : [
		{
			"name" : "Top",
			"pins" : [
				{
					"name" : "F_OVRLDw",
					"strict" : false
				},
				{
					"name" : "RTRw",
					"strict" : false
				},
				{
					"name" : "IDEw",
					"strict" : false
				},
				{
					"name" : "EDLw",
					"strict" : false
				},
				{
					"name" : "BRSw",
					"strict" : false
				},
				{
					"name" : "F_STFw",
					"strict" : false
				},
				{
					"name" : "F_EOFw",
					"strict" : false
				},
				{
					"name" : "F_CRCw",
					"strict" : false
				},
				{
					"name" : "F_IDFw",
					"strict" : false
				},
				{
					"name" : "F_ACK_Dw",
					"strict" : false
				},
				{
					"name" : "F_CRC_Dw",
					"strict" : false
				},
				{
					"name" : "IDFw[0]",
					"strict" : false
				},
				{
					"name" : "IDFw[1]",
					"strict" : false
				},
				{
					"name" : "IDFw[2]",
					"strict" : false
				},
				{
					"name" : "IDFw[3]",
					"strict" : false
				},
				{
					"name" : "IDFw[4]",
					"strict" : false
				},
				{
					"name" : "IDFw[5]",
					"strict" : false
				},
				{
					"name" : "IDFw[6]",
					"strict" : false
				},
				{
					"name" : "IDFw[7]",
					"strict" : false
				},
				{
					"name" : "IDFw[8]",
					"strict" : false
				},
				{
					"name" : "IDFw[9]",
					"strict" : false
				},
				{
					"name" : "IDFw[10]",
					"strict" : false
				},
				{
					"name" : "IDF_exw[0]",
					"strict" : false
				},
				{
					"name" : "IDF_exw[1]",
					"strict" : false
				},
				{
					"name" : "IDF_exw[2]",
					"strict" : false
				},
				{
					"name" : "IDF_exw[3]",
					"strict" : false
				},
				{
					"name" : "IDF_exw[4]",
					"strict" : false
				},
				{
					"name" : "IDF_exw[5]",
					"strict" : false
				},
				{
					"name" : "IDF_exw[6]",
					"strict" : false
				},
				{
					"name" : "IDF_exw[7]",
					"strict" : false
				},
				{
					"name" : "IDF_exw[8]",
					"strict" : false
				},
				{
					"name" : "IDF_exw[9]",
					"strict" : false
				},
				{
					"name" : "IDF_exw[10]",
					"strict" : false
				},
				{
					"name" : "IDF_exw[11]",
					"strict" : false
				},
				{
					"name" : "IDF_exw[12]",
					"strict" : false
				},
				{
					"name" : "IDF_exw[13]",
					"strict" : false
				},
				{
					"name" : "IDF_exw[14]",
					"strict" : false
				},
				{
					"name" : "IDF_exw[15]",
					"strict" : false
				},
				{
					"name" : "IDF_exw[16]",
					"strict" : false
				},
				{
					"name" : "IDF_exw[17]",
					"strict" : false
				},
				{
					"name" : "DLCw[0]",
					"strict" : false
				},
				{
					"name" : "DLCw[1]",
					"strict" : false
				},
				{
					"name" : "DLCw[2]",
					"strict" : false
				},
				{
					"name" : "DLCw[3]",
					"strict" : false
				},
				{
					"name" : "EOFw[0]",
					"strict" : false
				},
				{
					"name" : "EOFw[1]",
					"strict" : false
				},
				{
					"name" : "EOFw[2]",
					"strict" : false
				},
				{
					"name" : "EOFw[3]",
					"strict" : false
				},
				{
					"name" : "EOFw[4]",
					"strict" : false
				},
				{
					"name" : "EOFw[5]",
					"strict" : false
				},
				{
					"name" : "EOFw[6]",
					"strict" : false
				},
				{
					"name" : "RX",
					"strict" : false
				},
				{
					"name" : "F_ITMSS",
					"strict" : false
				},
				{
					"name" : "reset",
					"strict" : false
				},
				{
					"name" : "ERROR",
					"strict" : false
				},
				{
					"name" : "SP",
					"strict" : false
				}
			]
		}
	]
}