{
	"partitions" : [
		{
			"name" : "Top",
			"pins" : [
				{
					"name" : "ERROR",
					"strict" : false
				},
				{
					"name" : "reset",
					"strict" : false
				},
				{
					"name" : "RX",
					"strict" : false
				},
				{
					"name" : "F_ACK_D",
					"strict" : false
				},
				{
					"name" : "F_CRC_D",
					"strict" : false
				},
				{
					"name" : "SP",
					"strict" : false
				},
				{
					"name" : "EOF_Flag",
					"strict" : false
				}
			]
		}
	]
}